people,ours_ms,rtmw3d_ms,rtmo_msn_ms
1,116.0,436.4695679446421,189.21565164786116
2,116.0,637.3985668654916,189.21565164786116
3,116.64999999999984,836.665441230553,189.21565164786116
4,116.64999999999984,1037.5676334619097,189.21565164786116
5,116.64925900092749,1236.8345078269713,189.21565164786116
6,117.29999999999998,1437.7635067478207,189.21565164786116
7,117.29999999999998,1637.030381112882,189.21565164786116
8,117.29999999999998,1836.5117227197902,189.21565164786116
9,117.29999999999998,2037.4407216406396,189.21565164786116
10,117.29999999999998,2396.4052642500496,189.21565164786116
